Roll Angle (deg),Gz (deg/s)
0.00914005114198438,2.742015342595314
0.01629536940495076,2.1465954788899144
0.023959593534332014,2.299267238814376
0.0322853952900526,2.4977405267161763
0.04147633701867847,2.7572825185877607
0.05463674450534034,3.9481222459985603
0.07364956945577324,5.703847485129869
0.10345119877420142,8.940488795528454
0.137578527957156,10.238198754886376
0.18834707897187689,15.230565304416269
0.2470545615026698,17.61224475923787
0.32616916927669903,23.734382332208778
0.41627614376528954,27.032092346577148
0.5254161976577962,32.742016167752006
0.6425969642396578,35.1542299745585
0.7927548309652032,45.04736001766361
0.9779254213000916,55.55117710046656
1.1861494473835739,62.46720782504467
1.4220579526000252,70.77255156493538
1.6735389773287717,75.44430741862392
1.9518902318042233,83.50537634263547
2.2409794000610286,86.7267504770416
2.547829383055713,92.05499489840533
2.905926186798375,107.42904112279862
3.2864148486632914,114.14659855947492
3.675707582017185,116.7878200061681
4.080878178403223,121.5511789158113
4.49902587438284,125.44430879388507
4.9513211539988955,135.68858388481644
5.415779283822266,139.33743894701107
5.901764131794985,145.79545439181578
6.402609031067018,150.25346978161005
6.920756729797158,155.44430961904175
7.464502393607965,163.1236991432422
8.030181900261253,169.70385199598647
8.641204919612106,183.306905805256
9.267851349061896,187.99392883493698
9.911444343863302,193.0778984404215
10.567658204151796,196.86415808654817
11.237154507553718,200.84889102057662
11.914793304818279,203.29163917936802
12.619760347109317,211.49011268731158
13.332004743290089,213.6733188542314
14.053613007412894,216.4824792368415
14.804279796507988,225.20003672852826
15.55835625490806,226.22293752002213
16.316911084932585,227.56644900735742
17.091191106229328,232.2840063890233
17.872290466136032,234.32980797201105
18.65685038593436,235.3679759394974
19.465176209694256,242.49774712796975
20.27670814041257,243.45957921549385
21.091700631022505,244.4977471829802
21.90633688752595,244.39087695103308
22.734764493009237,248.52828164498595
23.568637391263163,250.16186947617774
24.405869068235425,251.16950309167916
25.253075300189423,254.16186958619863
26.099212829823948,253.84125889035724
26.943314735992814,253.23057185065943
27.789146922107488,253.74965583440257
28.637828981074087,254.60461768997956
29.489564475239174,255.52064824952632
30.342775796416866,255.96339635330727
31.1933408070892,255.16950320170008
32.0393256649638,253.7954573623799
32.87869474657501,251.8107244833619
33.71648622000033,251.33744202759607
34.5485779477218,249.6275183164421
35.37776891200471,248.7572892848727
36.20059855295744,246.84889228581693
37.01940783756548,245.64278538241365
37.83037997183074,243.29164027957697
38.630868645247844,240.146602025133
39.4241817459485,237.99393021019816
40.21291469385143,236.61988437087797
40.992945351438664,234.00919727616971
41.76742893508197,232.34507509299306
42.532497760196605,229.5206475343905
43.281027144652754,224.55881533684553
44.01067612146491,218.894693043648
44.73452357139994,217.15423498050913
45.44793845107347,214.02446390205768
46.154075976857264,211.84125773513784
46.846574825421136,207.74965456916232
47.52624924615136,203.90232621906586
48.20256488816324,202.89469260356444
48.86244287068992,197.96339475800434
49.49163382947178,188.75728763455928
50.10698254868716,184.60461576461392
50.71322185289371,181.87179126196605
51.30628049516012,177.91759267992248
51.880865854475665,172.37560779466457
52.4447641905965,169.16950083625088
52.98301367105003,161.474844136058
53.506555771964166,157.06263027424106
54.0121843863805,151.68858432490003
54.51048475632046,149.49011098198775
54.99972660183823,146.77255365533236
55.47324325608379,142.0549962736665
55.9254876451132,135.67331670882402
56.35915697001847,130.10079747158113
56.78371687991491,127.36797296893327
57.181304778891366,119.27636969293681
57.56530489123455,115.20003370295369
57.938109074516596,111.84125498461555
58.2933051148207,106.55881209122917
58.63476069673159,102.43667457326872
58.957234089825214,96.7420179280863
59.25589068837062,89.59697956362149
59.54584499660033,86.9862924689132
59.8085219503902,78.80308613696207
60.05211493418952,73.07789513979476
60.27952471143684,68.22293317419688
60.49156553151844,63.61224602447813
60.68874630030072,59.154230634683856
60.8769703258341,56.46720766001333
61.05053786241473,52.07026097418884
61.206802599537255,46.87942113675715
61.34433960077571,41.26110037153696
61.47347965521832,38.742016332783344
61.58480800433641,33.398504735427196
61.687484953725445,30.803084816711348
61.773113556589585,25.688580859241885
61.85003986913803,23.07789376453359
61.905032338843995,16.497740911789304
61.93870165274718,10.10079417095436
61.94667122039641,2.390870294769053
61.93845758149365,-2.4640916708288247
61.91772485827708,-6.219816964970579
61.88778093887841,-8.983175819603334
61.84155203175445,-13.868672137186104
61.78982694127322,-15.517527144370288
61.725582766478176,-19.273252438512042
61.65339966016706,-21.654931893333647
61.56895192247535,-25.334321307513164
61.474478739215265,-28.341954978025058
61.371354156226126,-30.937374896740906
61.260646875827405,-33.21218411961538
61.142611350952315,-35.41065746252763
61.01439770874892,-38.46409266101686
60.87376676340501,-42.18928360317372
60.72041317140072,-46.00607760128526
60.55611810326852,-49.288520439661184
60.380219981382055,-52.76943656593891
60.199232800831446,-54.29615416518352
60.01122271932431,-56.40302445214109
59.81303452048888,-59.45645965063033
59.60003716094077,-63.89920786443216
59.378897307530025,-66.34195602322355
59.15470401892079,-67.25798658277031
58.92740640452642,-68.18928431830953
58.69130471864308,-70.83050576500273
58.45128445758834,-72.00607831642107
58.203223483844255,-74.41829212322757
57.95333044898107,-74.96791045895561
57.699671510706416,-76.09768148239664
57.44138152904738,-77.48699449770923
57.17586508408526,-79.65493348863659
56.90739698509793,-80.54042969619847
56.63648613795181,-81.27325414383589
56.361809387394224,-82.4030251672769
56.083366733425166,-83.53279619071792
55.799377005512184,-85.19691837389455
55.51289363885377,-85.9450099975244
55.22121943235792,-87.50226194875391
54.92557576010404,-88.6931016761647
54.627133105584875,-89.53279635574924
54.3299118251451,-89.16638413193054
54.03233431059884,-89.27325436387767
53.73389165607968,-89.53279635574924
53.43453297100097,-89.80760552361329
53.13817683053411,-88.90684214005896
52.83891992662868,-89.77707117162839
52.543632488481286,-88.58623144421759
52.24646209862816,-89.1511169559381
51.951632675760536,-88.44882686028558
51.657057705826126,-88.37249098032333
51.360701565359264,-88.90684214005896
51.06500700251874,-88.70836885215716
50.773078343089686,-87.57859782871616
50.481556808353766,-87.45646042077658
50.191765553563656,-86.9373764370334
49.90390814106592,-86.35722374932045
49.62750111056252,-82.92210915102007
49.35231545413851,-82.55569692720135
49.07830028120726,-82.2045518793751
48.80800012110084,-81.09004803192653
48.53999003739329,-80.40302511226646
48.273812014804825,-79.85340677653839
48.007023305176666,-80.03661288844775
47.74338981192028,-79.09004797691608
47.483318659728795,-78.02134565744485
47.23088109553353,-75.73126925857792
46.98465218290853,-73.86867378749949
46.74661665473281,-71.41065845271567
46.51270326407505,-70.17401719732752
46.282708448588686,-68.99844464590919
46.055207271847756,-68.25035302227931
45.83060685854539,-67.38012399070988
45.6106374886274,-65.99081097539728
45.39916684667853,-63.44119258465878
45.19716185384499,-60.60149785006379
44.9998896855691,-59.1816504827663
44.80388978195925,-58.799971082955146
44.610434407681474,-58.036612283332836
44.423289466147246,-56.14348246026952
44.2452030490352,-53.425925133614086
44.07592070341213,-50.784703686920906
43.912287212906264,-49.090047151759386
43.75180893877217,-48.143482240227726
43.59850623735453,-45.990810425292814
43.44790073702888,-45.181650097693165
43.30569218349908,-42.662566058939554
43.17529024607011,-39.120581228692046
43.0475346191465,-38.32668807708484
42.92695456493933,-36.17401626214994
42.81014041414363,-35.044245238708925
42.69637969854642,-34.128214679162156
42.58338234174884,-33.89920703927546
42.481733585772304,-30.494626792959966
42.38486854494007,-29.05951224967003
42.29395770274489,-27.27325265855383
42.207932356867296,-25.807603763278998
42.123993525042,-25.1816495475887
42.04723026593316,-23.028977732653797
41.97555606548846,-21.50226013340918
41.912787717706024,-18.830504334731106
41.85185143104268,-18.280885999003043
41.7950372818973,-17.044244743614904
41.74280328554965,-15.67019890429475
41.69372450557377,-14.723633992763085
41.65049814306166,-12.96790875363178
41.615414274412196,-10.525160594840395
41.591526334823854,-7.166381876502241
41.56865620696834,-6.861038356653317
41.55296165182928,-4.7083665417184095
41.544137325886815,-2.6472977827381787
41.53974048098216,-1.319053471395363
41.53712480660996,-0.7847023116597476
41.539801753248476,0.8030839915546527
41.543547402206464,1.1236946873960219
41.547852847617506,1.2916336233129295
41.55877406929194,3.27636650233093
41.572188929711814,4.024458125960791
41.596901500366094,7.4137711962838395
41.631232391895615,10.299267458856162
41.666886438677814,10.69621403465976
41.70182801724703,10.482473570765515
41.738092751068926,10.879420146569116
41.77939565296833,12.390870569821285
41.82863748638381,14.772550024642884
41.88373173726306,16.52827526377419
41.94182853275416,17.429038647328515
41.99809326712616,16.879420311600455
42.0523223780325,16.26873327190261
42.109350471204124,17.108427951487148
42.16861775018797,17.78018369515478
42.23541683599476,20.039725742036808
42.30847546395845,21.917588389107685
42.386928494106144,23.535909044306976
42.46563597718704,23.61224492426921
42.54505592848092,23.825985388163453
42.62640972206717,24.40613807587641
42.71351415194392,26.131328963022824
42.80367201701915,27.047359522569597
42.893931663267665,27.077893874554487
42.98067985903792,26.024458731075704
43.06819141360779,26.253466370962396
43.15722968577691,26.71148165073578
43.24723487909222,27.001557994592257
43.34299070869801,28.726748881738672
43.43752516422441,28.360336657919966
43.53231407268402,28.436672537882192
43.62913860460928,29.047359577580043
43.727642525893714,29.551176385330766
43.82421260488577,28.97102369761781
43.91716945222629,27.887054202154133
44.01038075250001,27.963390082116366
44.10537322330619,28.49774124185198
44.20514940925666,29.93285578514192
44.304671142273925,29.856519905179688
44.40419287529119,29.856519905179688
44.50737873054664,30.95575657663581
44.61163328812157,31.276367272477177
44.716600313909474,31.490107736371424
44.81571492223361,29.734382497240116
44.9133028129585,29.276367217466735
45.00941487667078,28.833619113685796
45.10685009563575,29.230565689489392
45.20667717217287,29.94812296113437
45.30365437585806,29.093161105557378
45.399461096050494,28.742016057731114
45.49628562797576,29.047359577580043
45.59514578336668,29.65804661727789
45.69380237641104,29.5969779133081
45.78915108132371,28.604611473799103
45.87910538405237,26.98629081859981
45.968194546808135,26.726748826728222
46.0575381624971,26.803084706690456
46.14907007341166,27.459573274365642
46.24111089019262,27.612245034290105
46.33004738118846,26.680947298750887
46.41684646754535,26.039725907068146
46.50390000683545,26.11606178703038
46.59024107791257,25.902321323136135
46.66716739046102,23.07789376453359
46.74129472074418,22.238199084949052
46.81547294161398,22.253466260941504
46.88359518267345,20.436672317840408
46.9518192049062,20.4672066698253
47.02233330353782,21.15422958948538
47.09422144800876,21.566443341281424
47.166007811306415,21.53590898929653
47.234282724125805,20.482473845817747
47.29695967241464,18.80308448664867
47.35622695139848,17.78018369515478
47.41549423038233,17.78018369515478
47.475626649339084,18.039725687026362
47.5350974906695,17.84125239912456
47.59034441330867,16.574076791751533
47.64034960552377,15.001557664529578
47.688013830753356,14.299267568877054
47.733845994863856,13.749649233148991
47.78079775188046,14.085527104982809
47.82902177356311,14.467206504793962
47.87510839060682,13.825985113111225
47.91305251378788,11.383236954319838
47.94509332891854,9.612244539196086
47.9753020829301,9.062626203468023
48.004696587555394,8.818351387588885
48.03292060868794,8.467206339762622
48.06414717443233,9.367969723316946
48.09476305313702,9.184763611407593
48.120035420244356,7.581710132200745
48.1401678381009,6.039725356963683
48.15780661721201,5.291633733333823
48.176412317469314,5.581710077190299
48.19608672004609,5.902320773031668
48.216778934355695,6.207664292880592
48.232941886454206,4.848885629552884
48.245593388074454,3.795450486074099
48.251578222844664,1.7954504310636525
48.25603634001563,1.3374351512902678
48.25891684900071,0.8641526955244372
48.25986351569342,0.28400000781148343
48.26055572945292,0.20766412784925264
48.261553286732266,0.29926718380392947
48.26468824865056,0.9404885754866681
48.26380285422417,-0.2656183279165782
48.25823552582676,-1.6701985192216244
48.25027633985721,-2.3877557908665943
48.23860214106283,-3.502259638315163
48.225197662322635,-4.021343622058333
48.21184407416908,-4.006076446065887
48.19899939188194,-3.853404686141425
48.18625649076809,-3.822870334156532
48.17473496373363,-3.4564581103378247
48.16153404734,-3.960274918088548
48.14563592985437,-4.769435245688194
48.12347827021184,-6.647297892759072
48.09439949078607,-8.72363382773175
48.06521893018701,-8.754168179716642
48.038226664813536,-8.097679612041457
48.01067460298701,-8.265618547958363
47.98368233761354,-8.097679612041457
47.95867480511908,-7.502259748336057
47.93356549145135,-7.532794100320948
47.91074625418248,-6.845771180660871
47.8834995358758,-8.174015492003686
47.85040040010535,-9.929740731134995
47.814451391482976,-10.78470258671198
47.77809525816747,-10.906839994651548
47.74316406127792,-10.479359066863058
47.710930065480376,-9.67019873926341
47.680375459042,-9.166381931512687
47.65038064905668,-8.99844299559578
47.62023316731143,-9.044244523573118
47.59008568556619,-9.044244523573118
47.55515448867664,-10.479359066863058
47.51910369888098,-10.815236938696872
47.47979591154027,-11.792336202213427
47.43356700441632,-13.868672137186104
47.38672741025267,-14.051878249095457
47.34345015715392,-12.983175929624226
47.30012201346853,-12.998443105616673
47.25776079092933,-12.708366761760194
47.21641738012296,-12.403023241911272
47.17710959278225,-11.792336202213427
47.142127505306064,-10.494626242855503
47.1091301507089,-9.899206379150103
47.07536943731211,-10.128214019036795
47.039369538103095,-10.799969762704425
46.994362005058534,-13.502259913367395
46.948387550867785,-13.792336257223873
46.905822765982016,-12.76943546572998
46.86320709050961,-12.784702641722426
46.822270804396375,-12.280885833971702
46.784845968761395,-11.227450690492919
46.747777367232906,-11.120580458545795
46.71075965629106,-11.105313282553348
46.67674448996107,-10.204549898999026
46.64232219893794,-10.326687306938595
46.60474469154304,-11.273252218470258
46.56207812548399,-12.799969817714873
46.51900443473181,-12.922107225654443
46.47414957344718,-13.456458385390057
46.43178835090798,-12.708366761760194
46.39461796820621,-11.151114810530688
46.35871985017048,-10.769435410719534
46.325010027360335,-10.112946843044348
46.29547323265479,-8.861038411663763
46.26659801557559,-8.662565123761965
46.240267327828455,-7.899206324139656
46.21322417186834,-8.112946788033902
46.18129551959064,-9.578595683308732
46.14865439909997,-9.792336147202981
46.116878418582196,-9.532794155331395
46.08652737449039,-9.105313227542903
46.058364625624165,-8.448824659867718
46.03233928139688,-7.807603268184979
46.00799332652876,-7.303786460434256
45.986039229232794,-6.586229188789288
45.962202180231095,-7.151114700509795
45.93648217952366,-7.716000212230301
45.908115868310865,-8.509893363837502
45.877408590112566,-9.212183459490026
45.848380701273435,-8.708366651739302
45.82098131120683,-8.219817019981026
45.79648268457879,-7.349587988411595
45.7729000885103,-7.074778820547564
45.75247270881358,-6.128213909015902
45.734030061995874,-5.532794045310502
45.71446782227206,-5.868671917144317
45.69297174025587,-6.448824604857272
45.675699576930924,-5.181648997484241
45.66015769355179,-4.662565013741071
45.64609163718526,-4.219816909960133
45.633501407831325,-3.777068806179194
45.615109651600264,-5.517526869318056
45.59320644489094,-6.570962012796841
45.57522181335301,-5.395389461378486
45.562936927518926,-3.685465750224517
45.55319657101692,-2.922106950602209
45.54014832638322,-3.9144733901112096
45.526896519402946,-3.9755420940809945
45.516952600554376,-2.9831756545719936
45.5111817098104,-1.7312672231914092
45.50551260023971,-1.7007328712065168
45.493024152059064,-3.7465344541943018
45.47575198873412,-5.181648997484241
45.46433224287294,-3.425923758352932
45.45912114858203,-1.5633282872745013
45.454978756610586,-1.2427175914331323
45.44798649178722,-2.097679447010117
45.44211381986997,-1.7618015751763014
45.43837855259166,-1.120580183493563
45.436984252298856,-0.41829008784103977
45.43716756019194,0.054992367924791036
45.438317789231206,0.3450687117812679
45.437941300671234,-0.11294656799211658
45.432984659313526,-1.4869924073122707
45.42843514264895,-1.3648549993727013
45.42754974822256,-0.2656183279165782
45.42992135134123,0.7114809355999758
45.43117336155378,0.37560306376616037
45.42962638950105,-0.46409161581837827
45.431387305580024,0.528274823690622
45.43503117336473,1.0931603354111297
45.434451122458185,-0.17401527196190136
45.42949448110048,-1.4869924073122707
45.42794750904775,-0.46409161581837827
45.433219875604976,1.581709967169407
45.436609290456474,1.0168244554488988
45.43811575360223,0.4519389437283913
45.442777433119765,1.3985038552600526
45.449423845516314,1.9939237189654522
45.45556135204645,1.8412519590409908
45.453709036473875,-0.5556946717730552
45.4548083749265,0.3298015357888217
45.46023341324366,1.627511495146745
45.46835565265281,2.4366718227463915
45.47388247214325,1.6580458471316377
45.477882574034446,1.2000305673582525
45.484885220537485,2.100793950912576
45.495653770451995,3.230564974353591
45.504946493353906,2.7878168705726534
45.509404610524875,1.3374351512902678
45.512641353616445,0.9710229274715605
45.51638700257443,1.1236946873960219
45.522931633797704,1.9633893669805607
45.53344573077901,3.15422909439136
45.54650435709239,3.9175878940136686
45.558799624606145,3.688580254126976
45.56870303454775,2.9710229824820065
45.579522475048904,3.2458321503460374
45.59095260258975,3.4290382622553914
45.6029934171703,3.612244374164745
45.61274415535198,2.925221454504668
45.621171738280985,2.528274878701068
45.625070058998894,1.1694962153733606
45.62881570795688,1.1236946873960219
45.63525855800687,1.9328550149956683
45.64419504680229,2.6809466386255294
45.65231728621144,2.4366718227463915
45.660439525620596,2.4366718227463915
45.66978313910915,2.803084046565099
45.6806025796103,3.2458321503460374
45.69361031533704,3.902320718021221
45.70682161341034,3.9633894219910064
45.71585988337904,2.711480990610422
45.72413479454812,2.4824733507237298
45.7291018175855,1.4901069112147296
45.73681693230152,2.3145344148068223
45.74702568576298,3.0626260384366835
45.75799779802406,3.2916336783233757
45.772023345483625,4.207664237870146
45.78457306593059,3.764916134089207
45.793814898245856,2.772549694580207
45.804430776400444,3.1847634463762526
45.81804919916688,4.085526829930576
45.83232919955965,4.2840001178323766
45.8449807011799,3.795450486074099
45.852543144136,2.2687328868294836
45.856899480133684,1.3069007993053758
45.86145937847793,1.3679695032751602
45.87192258487259,3.1389619183989144
45.88360716534665,3.505374142217622
45.893408794114976,2.9404886304971147
45.9034648758165,3.0168245104593456
45.91418253514438,3.2152977983611453
45.92663047441806,3.734381782104314
45.93724635257265,3.1847634463762526
45.941602688570335,1.3069007993053758
45.94565368104817,1.2152977433506988
45.952401874618005,2.024458070950345
45.958030475281724,1.6885801991165301
45.959944063120616,0.5740763516679604
45.964402180291586,1.3374351512902678
45.964890831704516,0.14659542387946806
45.9615117985327,-1.0137099515464398
45.96032106058646,-0.3572213838712552
45.96330335074482,0.8946870475093296
45.96343576805126,0.039725191932344917
45.963975310050834,0.16186259987191406
45.968484317808446,1.3527023272827143
45.975130730204995,1.9939237189654522
45.97989419089581,1.4290382072449452
45.97987393644233,-0.006076336044993547
45.97791983969647,-0.5862290237579475
45.97393011948495,-1.1969160634557936
45.972179585085655,-0.5251603197881628
45.97261734591194,0.13132824788702183
45.975243401963816,0.7878168155622065
45.972983961698105,-0.6778320797126244
45.97250569196485,-0.14348091997700893
45.97502996684344,0.7572824635773142
45.974653478283464,-0.11294656799211658
45.969645946339114,-1.502259583304717
45.965554444954314,-1.2274504154406862
45.96853673511268,0.8946870475093296
45.97075566647142,0.6656794076226373
45.970684521431295,-0.021343512037439765
45.97259810927019,0.5740763516679604
45.97446080652244,0.5588091756755142
45.970776429830764,-1.1053130075011168
45.963936836767324,-2.0518779190327785
45.957249915463805,-2.00607639105544
45.95117368119998,-1.822870279146086
45.94616614925563,-1.502259583304717
45.9446191772029,-0.46409161581837827
45.94047678523146,-1.2427175914331323
45.93134711576915,-2.7389008386928557
45.92567800619846,-1.7007328712065168
45.92275698830641,-0.8763053676144245
45.9175458940155,-1.5633282872745013
45.913403502044055,-1.2427175914331323
45.90854864185963,-1.4564580553273783
45.90562762396758,-0.8763053676144245
45.902757496662176,-0.8610381916219783
45.89439118599949,-2.509893198806163
45.8830732213116,-3.3953894063680408
45.8729766307031,-3.028977182549332
45.86796909875875,-1.502259583304717
45.8629615668144,-1.502259583304717
45.85800492545669,-1.4869924073122707
45.85111444180661,-2.0671450950252246
45.84631047220883,-1.4411908793349322
45.84359301666335,-0.8152366636446398
45.84240227871711,-0.3572213838712552
45.838565230265516,-1.1511145354784553
45.83208187130857,-1.9450076870856552
45.822595967739765,-2.8457710706399784
45.81356807945074,-2.7083664867079635
45.80769540753349,-1.7618015751763014
45.8014156109231,-1.8839389831158708
45.79381265906004,-2.2808855589194708
45.784530317837806,-2.784702366670194
45.77819963064078,-1.899206159108317
45.770749350537635,-2.2350840309421325
45.764062429234116,-2.00607639105544
45.756663039717616,-2.219816854949686
45.744683497403386,-3.5938626942698404
45.73138079983647,-3.9908092700734406
45.72006283514858,-3.3953894063680408
45.71276522680537,-2.189282502964794
45.70439891614268,-2.509893198806163
45.69740665131931,-2.097679447010117
45.69148308881542,-1.7770687511687477
45.689528992069555,-0.5862290237579475
45.687116880043924,-0.7236336076899629
45.67900502231444,-2.433557318843932
45.667381714106696,-3.4869924623227173
45.65662354587186,-3.2274504704511324
45.65064909278132,-1.7923359271611938
45.64482731145071,-1.7465343991838553
45.63620654785482,-2.586229078768394
45.62855270540511,-2.296152734911917
45.623239829940914,-1.5938626392593938
45.62082771791528,-0.7236336076899629
45.615718404797654,-1.5327939352896092
45.60816634352123,-2.2656183829270247
45.598731330539074,-2.8305038946475323
45.58853295875729,-3.0595115345342245
45.58062466337438,-2.3724886148741473
45.57683850550943,-1.1358473594860092
45.57478262759029,-0.6167633757428398
45.57226873439137,-0.7541679596748553
45.56878792004627,-1.044244303531332
45.565968683327505,-0.8457710156295322
45.56381102423508,-0.6472977277277321
45.56206048983579,-0.5251603197881628
45.552778148613555,-2.784702366670194
45.54166374627223,-3.3343207023982555
45.533704560302674,-2.3877557908665943
45.52579626491976,-2.3724886148741473
45.51839687540326,-2.219816854949686
45.51542496692457,-0.8915725436068707
45.5102647632203,-1.5480611112820553
45.50169489021105,-2.570961902775948
45.4910385031495,-3.1969161184662402
45.48715056411126,-1.1663817114709012
45.48199036040699,-1.5480611112820553
45.475863235556524,-1.838137455138532
45.47360379529081,-0.6778320797126244
45.47236216675793,-0.3724885598637013
45.47061163235864,-0.5251603197881628
45.46300868049558,-2.2808855589194708
45.45357366751342,-2.8305038946475323
45.443375295731634,-3.0595115345342245
45.4388766696537,-1.3495878233802554
45.43503962120211,-1.1511145354784553
45.4313043539238,-1.120580183493563
45.42904491365809,-0.6778320797126244
45.42749794160536,-0.46409161581837827
45.42803748360493,0.16186259987191406
45.42598160568579,-0.6167633757428398
45.42194099488763,-1.21218323944824
45.41545763593068,-1.9450076870856552
45.41050099457297,-1.4869924073122707
45.40793621078741,-0.7694351356673014
45.40338669412284,-1.3648549993727013
45.398888068044904,-1.3495878233802554
45.396170612499425,-0.8152366636446398
45.3934022663673,-0.8305038396370861
45.38925987439586,-1.2427175914331323
45.383285421305324,-1.7923359271611938
45.374206642429655,-2.723633662700409
45.36589122235361,-2.4946260228137174
45.36256307976843,-0.9984427755539936
45.359082265423325,-1.044244303531332
45.35585590401143,-0.9679084235691015
45.35659900835757,0.22293130384169876
45.35851259619646,0.5740763516679604
45.35991727816894,0.4214045917434988
45.356182010890635,-1.120580183493563
45.349851323693606,-1.899206159108317
45.3430626212168,-2.0366107430403324
45.34110852447094,-0.5862290237579475
45.33925620889836,-0.5556946717730552
45.33597895689982,-0.9831755995615477
45.33392307898068,-0.6167633757428398
45.33486974567339,0.28400000781148343
45.33418791359357,-0.2045496239467936
45.330503536901894,-1.1053130075011168
45.32513977085105,-1.6091298152518398
45.32542485991742,0.08552671990968337
45.32703310423646,0.4824732957132833
45.328234223862374,0.3603358877737141
45.33040226463447,0.6504122316301911
45.32844816788861,-0.5862290237579475
45.32272816773128,-1.716000047198963
45.3167028240541,-1.8076031031536401
45.31281488501586,-1.1663817114709012
45.305873510779136,-2.0824122710176707
45.302748930540524,-0.9373740715842092
45.301405520834365,-0.4030229118485936
45.299044299395376,-0.7083664316975168
45.294545673317444,-1.3495878233802554
45.29142109307883,-0.9373740715842092
45.29180796331848,0.11606107189457571
45.29005742891919,-0.5251603197881628
45.28912114390616,-0.28088550390902434
45.29016959177215,0.3145343597963757
45.2893350879324,-0.25035115192413204
45.281681245482694,-2.296152734911917
45.28166099102921,-0.006076336044993547
45.28108094012267,-0.17401527196190136
45.285081042013864,1.2000305673582525
45.28277071116151,-0.6930992557050706
45.281274629695424,-0.4488244398259321
45.27804826828353,-0.9679084235691015
45.27533081273805,-0.8152366636446398
45.27317315364562,-0.6472977277277321
45.26526485826271,-2.3724886148741473
45.25649142290689,-2.632030606745732
45.251941906242315,-1.3648549993727013
45.24927534128347,-0.7999694876521937
45.25047646090938,0.3603358877737141
45.24679208421771,-1.1053130075011168
45.23995249115427,-2.0518779190327785
45.23708236384886,-0.8610381916219783
45.23207483190451,-1.502259583304717
45.22961182929224,-0.738900783682409
45.22699615492004,-0.7847023116597476
45.22000389009667,-2.097679447010117
45.21911849567028,-0.2656183279165782
45.217825976550756,-0.3877557358561475
45.21632989508467,-0.4488244398259321
45.21697121825753,0.19239695185680653
45.21343951332578,-1.0595114795237783
45.20873732490128,-1.41065652735004
45.20037101423859,-2.509893198806163
45.193836764695,-1.9602748630781015
45.186335594005214,-2.2503512069345786
45.18056470326124,-1.7312672231914092
45.17799991947568,-0.7694351356673014
45.17691096270273,-0.3266870318863629
45.17577111534313,-0.341954207878809
45.16938953755946,-1.9144733351007632
45.163822209162056,-1.6701985192216244
45.16288592414902,-0.28088550390902434
45.16276388852226,-0.03661068802988589
45.16223472820236,-0.15874809596945513
45.16180734905574,-0.1282137439845628
45.164789639214106,0.8946870475093296
45.16451493182741,-0.08241221600722434
45.15792979169718,-1.9755420390705474
45.154092743245585,-1.1511145354784553
45.152545771192855,-0.46409161581837827
45.15227106380616,-0.08241221600722434
45.152861496392376,0.1771297758643603
45.156658035937006,1.1389618633884682
45.15994566961522,0.9862901034640068
45.15855136932242,-0.41829008784103977
45.15445986793762,-1.2274504154406862
45.15184419356542,-0.7847023116597476
45.15207839204514,0.07025954391723725
45.1494118270863,-0.7999694876521937
45.148831776179755,-0.17401527196190136
45.147793709993444,-0.3114198558939167
45.14482180151475,-0.8915725436068707
45.1404249566101,-1.319053471395363
45.133534472960015,-2.0671450950252246
45.12949386216185,-1.21218323944824
45.12591126664346,-1.0747786555162246
45.12227778053843,-1.0900458315086705
45.124903836590306,0.7878168155622065
45.12747900205554,0.7725496395697603
45.12562668648296,-0.5556946717730552
45.11944867104586,-1.8534046311309784
45.118003480166415,-0.433557263833486
45.1154895869675,-0.7541679596748553
45.11155075734262,-1.1816488874633475
45.11188673699563,0.10079389590212949
45.11359676248796,0.5130076476981758
45.11306760216806,-0.15874809596945513
45.108568976090126,-1.3495878233802554
45.103765006492345,-1.4411908793349322
45.10313406499917,-0.18928244795434748
45.10504765283806,0.5740763516679604
45.10685945950367,0.5435419996830682
45.10933284379562,0.742015287584868
45.11180622808757,0.742015287584868
45.11076816190126,-0.3114198558939167
45.10642220758325,-1.303786295402917
45.10039686390607,-1.8076031031536401
45.094117067295684,-1.8839389831158708
45.088804191831485,-1.5938626392593938
45.08374576930049,-1.5175267592971629
45.08168989138135,-0.6167633757428398
45.07912510759579,-0.7694351356673014
45.07299798274533,-1.838137455138532
45.06977162133343,-0.9679084235691015
45.06858088338719,-0.3572213838712552
45.07090159591922,0.6962137596075296
45.07062688853252,-0.08241221600722434
45.06526312248168,-1.6091298152518398
45.05969579408428,-1.6701985192216244
45.0569783385388,-0.8152366636446398
45.054515335926524,-0.738900783682409
45.053986175606624,-0.15874809596945513
45.055747091685596,0.528274823690622
45.05404744787295,-0.5098931437957167
45.052449585233575,-0.47935879181082436
45.04891788030183,-1.0595114795237783
45.04630220592963,-0.7847023116597476
45.04404276566392,-0.6778320797126244
45.04101996659858,-0.9068397195993168
45.03484195116148,-1.8534046311309784
45.02530515700604,-2.861038246632425
45.017193299276556,-2.433557318843932
45.012033095572285,-1.5480611112820553
45.0084505000539,-1.0747786555162246
45.00812490208057,-0.09767939199967057
45.00922424053319,0.3298015357888217
45.00467472386862,-1.3648549993727013
45.00205904949642,-0.7847023116597476
44.998578235151314,-1.044244303531332
44.99820174659134,-0.11294656799211658
44.99268530878058,-1.6549313432291783
44.988492026222495,-1.2579847674255782
44.98786108472932,-0.18928244795434748
44.98697569030293,-0.2656183279165782
44.98792235699563,0.28400000781148343
44.98795299312879,0.009190839947452574
44.98106250947871,-2.0671450950252246
44.97223818353625,-2.6472977827381787
44.96539859047281,-2.0518779190327785
44.96130708908801,-1.2274504154406862
44.95421304309136,-2.128213798995009
44.95205538399893,-0.6472977277277321
44.94877813200039,-0.9831755995615477
44.94819808109385,-0.17401527196190136
44.944513704402176,-1.1053130075011168
44.936758080779185,-2.326687086896809
44.93164876766156,-1.5327939352896092
44.929898233262264,-0.5251603197881628
44.93084489995497,0.28400000781148343
44.92588825859726,-1.4869924073122707
44.92256011601208,-0.9984427755539936
44.91765436524101,-1.4717252313198244
44.912341489776814,-1.5938626392593938
44.900870853328996,-3.441190934345379
44.890010903920874,-3.257984822436025
44.8812883591517,-2.616763430753286
44.88035207413866,-0.28088550390902434
44.87554810454088,-1.4411908793349322
44.866825559771705,-2.616763430753286
44.859273498495284,-2.2656183829270247
44.8529937018849,-1.8839389831158708
44.847222811140924,-1.7312672231914092
44.843283981516045,-1.1816488874633475
44.83903980837132,-1.2732519434180245
44.83688214927889,-0.6472977277277321
44.83080591501507,-1.822870279146086
44.82406810312491,-2.0213435670478863
44.82145242875271,-0.7847023116597476
44.82168662723243,0.07025954391723725
44.8201396551797,-0.46409161581837827
44.8202211818995,0.024458015939898693
44.82193120739183,0.5130076476981758
44.822572530564685,0.19239695185680653
44.81807390448675,-1.3495878233802554
44.81138698318323,-2.00607639105544
44.80495451481292,-1.929740511093209
44.79786046881627,-2.128213798995009
44.79203868748566,-1.7465343991838553
44.78921945076689,-0.8457710156295322
44.78304143532979,-1.8534046311309784
44.78174891621027,-0.3877557358561475
44.78300092642282,0.37560306376616037
44.78369314018232,0.20766412784925264
44.78331665162235,-0.11294656799211658
44.77612082445242,-2.1587481509799016
44.77238555717411,-1.120580183493563
44.77292509917368,0.16186259987191406
44.77153079888088,-0.41829008784103977
44.76774464101593,-1.1358473594860092
44.764721841950596,-0.9068397195993168
44.76083390291236,-1.1663817114709012
44.754045200435556,-2.0366107430403324
44.74333792278736,-3.212183294458686
44.735684080337656,-2.296152734911917
44.72731776967497,-2.509893198806163
44.725211001169185,-0.632030551735286
44.72513985612906,-0.021343512037439765
44.71977609007822,-1.6091298152518398
44.71598993221327,-1.1358473594860092
44.711491306135336,-1.3495878233802554
44.70628021184442,-1.5633282872745013
44.7008146646203,-1.6396641672367323
44.69377150921029,-2.112946623002563
44.69212275598428,-0.49462596780327056
44.690677565104835,-0.433557263833486
44.691878684730746,0.3603358877737141
44.689466572705115,-0.7236336076899629
44.68293232316152,-1.9602748630781015
44.674515121912194,-2.5251603747986096
44.6706780734606,-1.1511145354784553
44.6632786839441,-2.219816854949686
44.65725334026692,-1.8076031031536401
44.65417965061495,-0.922106895591763
44.65298891266871,-0.3572213838712552
44.65164550296255,-0.4030229118485936
44.654271559014425,0.7878168155622065
44.654098632801016,-0.05187786402233201
44.649600006723084,-1.3495878233802554
44.64535583357836,-1.2732519434180245
44.64380886152563,-0.46409161581837827
44.64302524827252,-0.2350839759316859
44.64621110077745,0.9557557514791143
44.64832825096291,0.6351450556377449
44.64779909064301,-0.15874809596945513
44.64655746211013,-0.3724885598637013
44.6456211770971,-0.28088550390902434
44.64305639331154,-0.7694351356673014
44.64008448483285,-0.8915725436068707
44.63431359408887,-1.7312672231914092
44.62533659638649,-2.693099310715517
44.617173848070365,-2.4488244948363787
44.61038514559356,-2.0366107430403324
44.60369822429004,-2.00607639105544
44.604594000396105,0.26873283181903723
44.60396305890293,-0.18928244795434748
44.59747969994598,-1.9450076870856552
44.59181059037529,-1.7007328712065168
44.58766819840385,-1.2427175914331323
44.583322244085835,-1.303786295402917
44.583149317872426,-0.05187786402233201
44.58221303285939,-0.28088550390902434
44.578121531474594,-1.2274504154406862
44.57799949584783,-0.03661068802988589
44.57665608614167,-0.4030229118485936
44.57699206579468,0.10079389590212949
44.58043237123282,1.032091631441345
44.58153170968544,0.3298015357888217
44.57937405059302,-0.6472977277277321
44.57472275275516,-1.3953893513575937
44.569867892570734,-1.4564580553273783
44.56287562774737,-2.097679447010117
44.55746097110988,-1.6243969912442862
44.55469262497776,-0.8305038396370861
44.54968509303341,-1.502259583304717
44.54600071634174,-1.1053130075011168
44.5460313524749,0.009190839947452574
44.54652000388783,0.14659542387946806
44.54726310823397,0.22293130384169876
44.5510596477786,1.1389618633884682
44.55256611092436,0.4519389437283913
44.55025578007201,-0.6930992557050706
44.54718209042004,-0.922106895591763
44.5472127265532,0.009190839947452574
44.54805761207262,0.253465655826591
44.549055169351966,0.29926718380392947
44.55320794300309,1.2458320953355912
44.55216987681678,-0.3114198558939167
44.55169160708352,-0.14348091997700893
44.55192580556324,0.07025954391723725
44.551294864070066,-0.18928244795434748
44.549747892017336,-0.46409161581837827
44.546419749432154,-0.9984427755539936
44.539580156368714,-2.0518779190327785
44.53248611037206,-2.128213798995009
44.527224125494506,-1.5785954632669477
44.523234405282984,-1.1969160634557936
44.524639087255466,0.4214045917434988
44.52014046117753,-1.3495878233802554
44.51823725501831,-0.5709618477655013
44.51470555008657,-1.0595114795237783
44.51544865443271,0.22293130384169876
44.51181516832768,-1.0900458315086705
44.51286361619367,0.3145343597963757
44.51340315819324,0.16186259987191406
44.51099104616761,-0.7236336076899629
44.506797763609526,-1.2579847674255782
44.501790231665176,-1.502259583304717
44.49449262332196,-2.189282502964794
44.49152071484327,-0.8915725436068707
44.4899228522039,-0.47935879181082436
44.48944458247064,-0.14348091997700893
44.4846915034595,-1.4259237033424863
44.48126157970104,-1.0289771275388861
44.47849323356892,-0.8305038396370861
44.48010147788796,0.4824732957132833
44.47656977295622,-1.0595114795237783
44.47400498917066,-0.7694351356673014
44.46955725367937,-1.334320647387809
44.46577109581442,-1.1358473594860092
44.457964581604784,-2.341954262889256
44.44842778744934,-2.861038246632425
44.442860459051936,-1.6701985192216244
44.44100814347936,-0.5556946717730552
44.43762911030754,-1.0137099515464398
44.43002615844448,-2.2808855589194708
44.42476417356692,-1.5785954632669477
44.42041821924891,-1.303786295402917
44.41586870258433,-1.3648549993727013
44.413151247038854,-0.8152366636446398
44.40717679394832,-1.7923359271611938
44.402372824350536,-1.4411908793349322
44.402149007550484,-0.06714504001477813
44.40309567424319,0.28400000781148343
44.40409323152254,0.29926718380392947
44.40600681936143,0.5740763516679604
44.406088346081226,0.024458015939898693
44.40047012709718,-1.6854656952140705
44.39485190811313,-1.6854656952140705
44.38674005038365,-2.433557318843932
44.378424630307606,-2.4946260228137174
44.37524915948235,-0.9526412475766551
44.37187012631053,-1.0137099515464398
44.365895673219995,-1.7923359271611938
44.365010278793605,-0.2656183279165782
44.3636159785008,-0.41829008784103977
44.365834909859544,0.6656794076226373
44.3683082941515,0.742015287584868
44.36823714911137,-0.021343512037439765
44.36373852303344,-1.3495878233802554
44.35974880282192,-1.1969160634557936
44.35703134727644,-0.8152366636446398
44.35828335748899,0.37560306376616037
44.36162188175385,1.0015572794564527
44.36277211079312,0.3450687117812679
44.360716232873976,-0.6167633757428398
44.359321932581175,-0.41829008784103977
44.35629913351584,-0.9068397195993168
44.35495572380968,-0.4030229118485936
44.35172936239778,-0.9679084235691015
44.345246003440835,-1.9450076870856552
44.33708325512471,-2.4488244948363787
44.32749557038263,-2.8763054226248705
44.319841727932925,-2.296152734911917
44.318294755880196,-0.46409161581837827
44.313847020388906,-1.334320647387809
44.30858503551135,-1.5785954632669477
44.303373941220435,-1.5633282872745013
44.3015725162345,-0.540427495780609
44.29727745250313,-1.2885191194104706
44.29730808863629,0.009190839947452574
44.29871277060877,0.4214045917434988
44.299455874954916,0.22293130384169876
44.29526259239683,-1.2579847674255782
44.286234704107805,-2.7083664867079635
44.27822462755161,-2.40302296685904
44.272148393287786,-1.822870279146086
44.26566503433084,-1.9450076870856552
44.26574656105063,0.024458015939898693
44.26725302419639,0.4519389437283913
44.26672386387649,-0.15874809596945513
44.26258147190505,-1.2427175914331323
44.260780046919116,-0.540427495780609
44.262133838304955,0.4061374157510526
44.263538520277436,0.4214045917434988
44.262296891744555,-0.3724885598637013
